Year,CLI,Gap,PE,CF
1949,0.45,0.5,0.35,0.15978260869565214
1960,0.5,0.55,0.32,0.11858823529411763
1970,0.55,0.6,0.28,0.084
1980,0.6,0.65,0.25,0.06024590163934425
1990,0.64,0.68,0.22,0.04548923076923076
2000,0.72,0.72,0.18,0.028997260273972602
2010,0.79,0.75,0.15,0.0196875
2020,0.85,0.76,0.12,0.014065116279069765
2025,0.87,0.77,0.1,0.010977272727272728
