Country,Year,SP,CLI,Gap,CD,PE,CF,Outcome
Chile,2022,0.3038,0.81,0.7724074074074074,0.6529999999999999,0.12499999999999999,0.0036573921465672993,Utopian Failure
