Year,CLI,Gap,PE,SP,CD,FSI,CF
1991,0.135,0.3499999999999999,0.3975,0.6833333333333332,0.25,1.5166666666666666,0.9132219827586208
1995,0.19700000000000004,0.2933333333333333,0.4987499999999999,0.6966666666666667,0.26,1.6233766233766236,0.8777764412238322
2000,0.254,0.24,0.6074999999999999,0.7066666666666667,0.27,1.299342105263158,0.9021804545454543
2005,0.30500000000000005,0.19333333333333333,0.7275,0.7133333333333334,0.28,1.1643026004728132,0.9568449523809521
2010,0.349,0.16333333333333333,0.8175,0.6733333333333333,0.3,1.15625,0.8979950324976786
2015,0.38999999999999996,0.14333333333333334,0.8574999999999999,0.6233333333333334,0.32,0.888888888888889,0.7784223027777779
2020,0.42200000000000004,0.13,0.87125,0.5566666666666666,0.34,0.6724137931034483,0.6446402951388887
2025,0.455,0.12,0.88125,0.5066666666666667,0.35,0.4315632667367683,0.5492430107526883
