Year,CLI,Gap,PE,SP,CD,CF
1991,0.135,0.3499999999999999,0.3975,0.6833333333333332,0.25,0.9132219827586208
1995,0.19700000000000004,0.2933333333333333,0.4987499999999999,0.6833333333333332,0.25,0.8726117149758452
2000,0.254,0.24,0.6074999999999999,0.6833333333333332,0.25,0.8962926136363633
2005,0.30500000000000005,0.19333333333333333,0.7275,0.6833333333333332,0.25,0.9547956349206346
2010,0.349,0.16333333333333333,0.8175,0.6833333333333332,0.25,0.9764267061281334
2015,0.38999999999999996,0.14333333333333334,0.8574999999999999,0.6833333333333332,0.25,0.9411955729166664
2020,0.42200000000000004,0.13,0.87125,0.6833333333333332,0.25,0.8992328559027774
2025,0.455,0.12,0.88125,0.6833333333333332,0.25,0.8547177419354837
