Year,Revenue_GDP_%,Spending_GDP_%,Deficit_GDP_%,Debt_GDP_%,Debt_Capacity_%,FSI
1991,9.1,15.0,5.9,20,50.0,1.5166666666666666
1995,12.5,17.5,5.0,22,50.0,1.6233766233766236
2000,15.8,19.0,3.1999999999999993,32,50.0,1.299342105263158
2005,19.7,23.5,3.8000000000000007,36,50.0,1.1643026004728132
2010,18.5,25.0,6.5,32,50.0,1.15625
2015,19.2,27.0,7.800000000000001,40,50.0,0.888888888888889
2020,19.5,29.0,9.5,50,50.0,0.6724137931034483
2025,19.7,31.7,12.0,72,50.0,0.4315632667367683
