Year,Judicial_Lock,Legislative_Lock,Reversal_Rate,Path_Dependence,CLI
1991,0.15,0.2,0.05,0.1,0.135
1995,0.22,0.25,0.08,0.2,0.19700000000000004
2000,0.28,0.3,0.1,0.3,0.254
2005,0.32,0.35,0.12,0.4,0.30500000000000005
2010,0.35,0.38,0.15,0.5,0.349
2015,0.38,0.4,0.18,0.6,0.38999999999999996
2020,0.4,0.42,0.2,0.68,0.42200000000000004
2025,0.42,0.45,0.22,0.75,0.455
