Year,Popular_Support,Elite_Support,Institutional_Fit,SP
1991,0.7,0.75,0.6,0.6833333333333332
1995,0.72,0.75,0.62,0.6966666666666667
2000,0.74,0.74,0.64,0.7066666666666667
2005,0.75,0.73,0.66,0.7133333333333334
2010,0.7,0.68,0.64,0.6733333333333333
2015,0.65,0.62,0.6,0.6233333333333334
2020,0.58,0.55,0.54,0.5566666666666666
2025,0.52,0.5,0.5,0.5066666666666667
